{
  "title": "Untitled Project (fork)",
  "description": "",
  "head": "<meta charset=\"UTF-8\" />\n<meta name=\"viewport\" content=\"width=device-width, initial-scale=1.0\" />",
  "htmlAttrs": "lang=\"en\" class=\"\"",
  "tags": [],
  "autoupdate": true,
  "autosave": false,
  "autotest": false,
  "delay": 1500,
  "formatOnsave": false,
  "view": "split",
  "mode": "full",
  "theme": "dark",
  "layout": "responsive",
  "recoverUnsaved": true,
  "showSpacing": false,
  "welcome": true,
  "readonly": false,
  "allowLangChange": true,
  "activeEditor": "script",
  "markup": {
    "language": "html",
    "content": ""
  },
  "style": {
    "language": "css",
    "content": ""
  },
  "script": {
    "language": "react-native",
    "content": "import React, { useState, useEffect } from 'react';\n\nfunction App() {\n  // Состояние для позиции автомобилей\n  const [blueCarPosition, setBlueCarPosition] = useState(-100);\n  const [redCarPosition, setRedCarPosition] = useState(window.innerWidth + 100);\n\n  // Анимация движения автомобилей\n  useEffect(() => {\n    const interval = setInterval(() => {\n      // Обновляем позицию синего автомобиля (слева направо)\n      setBlueCarPosition(prev => {\n        const newPos = prev + 5;\n        return newPos > window.innerWidth + 100 ? -100 : newPos;\n      });\n      \n      // Обновляем позицию красного автомобиля (справа налево)\n      setRedCarPosition(prev => {\n        const newPos = prev - 5;\n        return newPos < -100 ? window.innerWidth + 100 : newPos;\n      });\n    }, 30);\n    \n    return () => clearInterval(interval);\n  }, []);\n\n  // Стили для контейнера\n  const containerStyle = {\n    backgroundColor: '#FFA500', // Оранжевый фон\n    width: '100%',\n    height: '100vh',\n    position: 'relative',\n    overflow: 'hidden',\n  };\n\n  // Стили для дороги\n  const roadStyle = {\n    position: 'absolute',\n    bottom: '20%',\n    width: '100%',\n    height: '30%',\n    backgroundColor: '#555',\n  };\n\n  // Стили для разметки полос\n  const roadMarkingsStyle = {\n    position: 'absolute',\n    bottom: '30%',\n    width: '200%',\n    height: '4px',\n    backgroundColor: 'white',\n    left: 0,\n  };\n\n  // Базовые стили для автомобиля\n  const baseCarStyle = {\n    position: 'absolute',\n    bottom: '25%',\n    width: '100px',\n    height: '50px',\n  };\n\n  // Стили для синего автомобиля\n  const blueCarStyle = {\n    ...baseCarStyle,\n    left: `${blueCarPosition}px`,\n  };\n\n  // Стили для красного автомобиля\n  const redCarStyle = {\n    ...baseCarStyle,\n    left: `${redCarPosition}px`,\n  };\n\n  // Стили для колес\n  const wheelStyle = {\n    position: 'absolute',\n    width: '20px',\n    height: '20px',\n    backgroundColor: 'black',\n    borderRadius: '50%',\n    bottom: '-5px',\n  };\n\n  // Стили для фар\n  const headlightStyle = (isLeft) => ({\n    position: 'absolute',\n    width: '10px',\n    height: '10px',\n    backgroundColor: 'white',\n    borderRadius: '50%',\n    top: '15px',\n    left: isLeft ? '5px' : 'auto',\n    right: isLeft ? 'auto' : '5px',\n  });\n\n  return (\n    <div style={containerStyle}>\n      <div style={roadStyle}>\n        {/* Разметка полос */}\n        <div style={roadMarkingsStyle}></div>\n        <div style={{...roadMarkingsStyle, marginTop: '15%'}}></div>\n      </div>\n      \n      {/* Синий автомобиль (движется вправо) */}\n      <div style={blueCarStyle}>\n        <div style={{...baseCarStyle, backgroundColor: 'blue', borderRadius: '5px'}}>\n          <div style={{...wheelStyle, left: '10px'}}></div>\n          <div style={{...wheelStyle, right: '10px'}}></div>\n          <div style={{...wheelStyle, left: '10px', bottom: '30px'}}></div>\n          <div style={{...wheelStyle, right: '10px', bottom: '30px'}}></div>\n          <div style={headlightStyle(false)}></div> {/* Правая фара */}\n        </div>\n      </div>\n      \n      {/* Красный автомобиль (движется влево) */}\n      <div style={redCarStyle}>\n        <div style={{...baseCarStyle, backgroundColor: 'red', borderRadius: '5px'}}>\n          <div style={{...wheelStyle, left: '10px'}}></div>\n          <div style={{...wheelStyle, right: '10px'}}></div>\n          <div style={{...wheelStyle, left: '10px', bottom: '30px'}}></div>\n          <div style={{...wheelStyle, right: '10px', bottom: '30px'}}></div>\n          <div style={headlightStyle(true)}></div> {/* Левая фара */}\n        </div>\n      </div>\n    </div>\n  );\n}\n\nexport default App;"
  },
  "stylesheets": [],
  "scripts": [],
  "cssPreset": "",
  "imports": {},
  "types": {},
  "tests": {
    "language": "typescript",
    "content": ""
  },
  "tools": {
    "enabled": "all",
    "active": "",
    "status": ""
  },
  "zoom": 1,
  "processors": [],
  "customSettings": {},
  "useTabs": false,
  "tabSize": 2,
  "lineNumbers": true,
  "wordWrap": false,
  "closeBrackets": true,
  "foldRegions": false,
  "semicolons": true,
  "singleQuote": false,
  "trailingComma": true,
  "emmet": true,
  "enableAI": false,
  "version": "46"
}